-- phpMyAdmin SQL Dump
-- version 5.1.1
-- https://www.phpmyadmin.net/
--
-- Host: 127.0.0.1
-- Generation Time: Jun 11, 2023 at 11:32 PM
-- Server version: 10.4.20-MariaDB
-- PHP Version: 8.0.8

SET SQL_MODE = "NO_AUTO_VALUE_ON_ZERO";
START TRANSACTION;
SET time_zone = "+00:00";


/*!40101 SET @OLD_CHARACTER_SET_CLIENT=@@CHARACTER_SET_CLIENT */;
/*!40101 SET @OLD_CHARACTER_SET_RESULTS=@@CHARACTER_SET_RESULTS */;
/*!40101 SET @OLD_COLLATION_CONNECTION=@@COLLATION_CONNECTION */;
/*!40101 SET NAMES utf8mb4 */;

--
-- Database: `decido`
--

-- --------------------------------------------------------

--
-- Table structure for table `alternatives`
--

CREATE TABLE `alternatives` (
  `Alternative_ID` int(11) NOT NULL,
  `Alternative_Title` varchar(255) NOT NULL,
  `Decision_ID` int(11) NOT NULL
) ENGINE=InnoDB DEFAULT CHARSET=utf8mb4;

--
-- Dumping data for table `alternatives`
--

INSERT INTO `alternatives` (`Alternative_ID`, `Alternative_Title`, `Decision_ID`) VALUES
(7, 'A1', 11),
(8, 'A2', 11),
(9, 'A3', 11),
(10, 'A4', 11),
(34, 'Alt 1', 12),
(35, 'Alt 2', 12),
(36, 'Alt 3', 12),
(37, 'Alt 4', 12),
(38, 'Alt 5', 12),
(39, 'Alt 6', 12),
(40, 'Alt 7', 12),
(41, 'Alt 8', 12),
(42, 'Alt 9', 12),
(43, 'Alt 10', 12),
(44, 'Alt 11', 12),
(45, 'Alt 12', 12),
(46, 'Alt 13', 12),
(47, 'Alt 14', 12),
(48, 'Alt 15', 12),
(49, 'Alt 16', 12),
(50, 'Alt 17', 12),
(51, 'Alt 18', 12),
(52, 'Alt 19', 12),
(53, 'Alt 20', 12),
(54, 'Alt 21', 12),
(55, 'Alt 22', 12),
(56, 'Alt 23', 12),
(57, 'Alt 24', 12),
(58, 'Alt 25', 12),
(59, 'Alt 26', 12),
(60, 'Alt 27', 12),
(61, 'Alt 28', 12),
(62, 'Alt 29', 12),
(63, 'Alt 30', 12),
(64, 'Alt 1', 13),
(65, 'Alt 2', 13),
(66, 'Alt 3', 13),
(67, 'Alt 4', 13),
(68, 'Alt 5', 13),
(69, 'Alt 1', 14),
(70, 'Alt 2', 14),
(71, 'Alt 3', 14),
(72, 'Alt 4', 14),
(73, 'Alt 5', 14),
(74, 'Alt 6', 14),
(75, 'Alt 7', 14),
(76, 'Alt 8', 14),
(77, 'Alt 9', 14),
(78, 'Alt 10', 14),
(79, 'Alt 11', 14),
(80, 'Alt 12', 14),
(81, 'Alt 13', 14),
(82, 'Alt 14', 14),
(83, 'Alt 15', 14),
(84, 'Alt 16', 14),
(85, 'Alt 17', 14),
(86, 'Alt 18', 14),
(87, 'Alt 19', 14),
(88, 'Alt 20', 14),
(89, 'Alt 21', 14),
(90, 'Alt 22', 14),
(91, 'Alt 23', 14),
(92, 'Alt 24', 14),
(93, 'Alt 25', 14),
(94, 'Alt 26', 14),
(95, 'Alt 27', 14),
(96, 'Alt 28', 14),
(97, 'Alt 29', 14),
(98, 'Alt 30', 14),
(99, 'Alt 31', 14),
(100, 'Alt 32', 14),
(101, 'Alt 33', 14),
(102, 'Alt 34', 14),
(103, 'Alt 35', 14),
(104, 'Alt 36', 14),
(105, 'Alt 37', 14),
(106, 'Alt 38', 14),
(107, 'Alt 39', 14),
(108, 'Alt 40', 14),
(109, 'Alt 41', 14),
(110, 'Alt 42', 14),
(111, 'Alt 43', 14),
(112, 'Alt 44', 14),
(113, 'Alt 45', 14),
(114, 'Alt 46', 14),
(115, 'Alt 47', 14),
(116, 'Alt 48', 14),
(117, 'Alt 49', 14),
(118, 'Alt 50', 14),
(119, 'Alt 1', 15),
(120, 'Alt 2', 15),
(121, 'Alt 3', 15),
(122, 'Alt 4', 15),
(123, 'Alt 5', 15),
(124, 'Alt 6', 15),
(125, 'Alt 7', 15),
(126, 'Alt 8', 15),
(127, 'Alt 9', 15),
(128, 'Alt 10', 15),
(129, 'Alt 11', 15),
(130, 'Alt 12', 15),
(131, 'Alt 13', 15),
(132, 'Alt 14', 15),
(133, 'Alt 15', 15),
(134, 'Alt 16', 15),
(135, 'Alt 17', 15),
(136, 'Alt 18', 15),
(137, 'Alt 19', 15),
(138, 'Alt 20', 15),
(139, 'Alt 21', 15),
(140, 'Alt 22', 15),
(141, 'Alt 23', 15),
(142, 'Alt 24', 15),
(143, 'Alt 25', 15),
(144, 'Alt 26', 15),
(145, 'Alt 27', 15),
(146, 'Alt 28', 15),
(147, 'Alt 29', 15),
(148, 'Alt 30', 15),
(149, 'Alt 31', 15),
(150, 'Alt 32', 15),
(151, 'Alt 33', 15),
(152, 'Alt 34', 15),
(153, 'Alt 35', 15),
(154, 'Alt 36', 15),
(155, 'Alt 37', 15),
(156, 'Alt 38', 15),
(157, 'Alt 39', 15),
(158, 'Alt 40', 15),
(159, 'Alt 41', 15),
(160, 'Alt 42', 15),
(161, 'Alt 43', 15),
(162, 'Alt 44', 15),
(163, 'Alt 45', 15),
(164, 'Alt 46', 15),
(165, 'Alt 47', 15),
(166, 'Alt 48', 15),
(167, 'Alt 49', 15),
(168, 'Alt 50', 15),
(169, 'Alt 51', 15),
(170, 'Alt 52', 15),
(171, 'Alt 53', 15),
(172, 'Alt 54', 15),
(173, 'Alt 55', 15),
(174, 'Alt 56', 15),
(175, 'Alt 57', 15),
(176, 'Alt 58', 15),
(177, 'Alt 59', 15),
(178, 'Alt 60', 15),
(179, 'Alt 61', 15),
(180, 'Alt 62', 15),
(181, 'Alt 63', 15),
(182, 'Alt 64', 15),
(183, 'Alt 65', 15),
(184, 'Alt 66', 15),
(185, 'Alt 67', 15),
(186, 'Alt 68', 15),
(187, 'Alt 69', 15),
(188, 'Alt 70', 15),
(189, 'Alt 71', 15),
(190, 'Alt 72', 15),
(191, 'Alt 73', 15),
(192, 'Alt 74', 15),
(193, 'Alt 75', 15),
(194, 'Alt 76', 15),
(195, 'Alt 77', 15),
(196, 'Alt 78', 15),
(197, 'Alt 79', 15),
(198, 'Alt 80', 15),
(199, 'Alt 81', 15),
(200, 'Alt 82', 15),
(201, 'Alt 83', 15),
(202, 'Alt 84', 15),
(203, 'Alt 85', 15),
(204, 'Alt 86', 15),
(205, 'Alt 87', 15),
(206, 'Alt 88', 15),
(207, 'Alt 89', 15),
(208, 'Alt 90', 15),
(209, 'Alt 91', 15),
(210, 'Alt 92', 15),
(211, 'Alt 93', 15),
(212, 'Alt 94', 15),
(213, 'Alt 95', 15),
(214, 'Alt 96', 15),
(215, 'Alt 97', 15),
(216, 'Alt 98', 15),
(217, 'Alt 99', 15),
(218, 'Alt 100', 15),
(219, 'Alt 1', 16),
(220, 'Alt 2', 16),
(221, 'Alt 3', 16),
(222, 'Alt 4', 16),
(223, 'Alt 5', 16),
(224, 'Alt 6', 16),
(225, 'Alt 7', 16),
(226, 'Alt 8', 16),
(227, 'Alt 9', 16),
(228, 'Alt 10', 16),
(229, 'Alt 11', 16),
(230, 'Alt 12', 16),
(231, 'Alt 13', 16),
(232, 'Alt 14', 16),
(233, 'Alt 15', 16),
(234, 'Alt 16', 16),
(235, 'Alt 17', 16),
(236, 'Alt 18', 16),
(237, 'Alt 19', 16),
(238, 'Alt 20', 16),
(239, 'Alt 21', 16),
(240, 'Alt 22', 16),
(241, 'Alt 23', 16),
(242, 'Alt 24', 16),
(243, 'Alt 25', 16),
(244, 'Alt 26', 16),
(245, 'Alt 27', 16),
(246, 'Alt 28', 16),
(247, 'Alt 29', 16),
(248, 'Alt 30', 16),
(249, 'Alt 1', 17),
(250, 'Alt 2', 17),
(251, 'Alt 3', 17),
(252, 'Alt 4', 17),
(253, 'Alt 5', 17),
(254, 'Alt 6', 17),
(255, 'Alt 7', 17),
(256, 'Alt 8', 17),
(257, 'Alt 9', 17),
(258, 'Alt 10', 17),
(259, 'Alt 11', 17),
(260, 'Alt 12', 17),
(261, 'Alt 13', 17),
(262, 'Alt 14', 17),
(263, 'Alt 15', 17),
(264, 'Alt 16', 17),
(265, 'Alt 17', 17),
(266, 'Alt 18', 17),
(267, 'Alt 19', 17),
(268, 'Alt 20', 17),
(269, 'Alt 21', 17),
(270, 'Alt 22', 17),
(271, 'Alt 23', 17),
(272, 'Alt 24', 17),
(273, 'Alt 25', 17),
(274, 'Alt 26', 17),
(275, 'Alt 27', 17),
(276, 'Alt 28', 17),
(277, 'Alt 29', 17),
(278, 'Alt 30', 17),
(279, 'Alt 31', 17),
(280, 'Alt 32', 17),
(281, 'Alt 33', 17),
(282, 'Alt 34', 17),
(283, 'Alt 35', 17),
(284, 'Alt 36', 17),
(285, 'Alt 37', 17),
(286, 'Alt 38', 17),
(287, 'Alt 39', 17),
(288, 'Alt 40', 17),
(289, 'Alt 41', 17),
(290, 'Alt 42', 17),
(291, 'Alt 43', 17),
(292, 'Alt 44', 17),
(293, 'Alt 45', 17),
(294, 'Alt 46', 17),
(295, 'Alt 47', 17),
(296, 'Alt 48', 17),
(297, 'Alt 49', 17),
(298, 'Alt 50', 17),
(299, 'Alt 51', 17),
(300, 'Alt 52', 17),
(301, 'Alt 53', 17),
(302, 'Alt 54', 17),
(303, 'Alt 55', 17),
(304, 'Alt 56', 17),
(305, 'Alt 57', 17),
(306, 'Alt 58', 17),
(307, 'Alt 59', 17),
(308, 'Alt 60', 17),
(309, 'Alt 61', 17),
(310, 'Alt 62', 17),
(311, 'Alt 63', 17),
(312, 'Alt 64', 17),
(313, 'Alt 65', 17),
(314, 'Alt 66', 17),
(315, 'Alt 67', 17),
(316, 'Alt 68', 17),
(317, 'Alt 69', 17),
(318, 'Alt 70', 17),
(319, 'Alt 71', 17),
(320, 'Alt 72', 17),
(321, 'Alt 73', 17),
(322, 'Alt 74', 17),
(323, 'Alt 75', 17),
(324, 'Alt 76', 17),
(325, 'Alt 77', 17),
(326, 'Alt 78', 17),
(327, 'Alt 79', 17),
(328, 'Alt 80', 17),
(329, 'Alt 81', 17),
(330, 'Alt 82', 17),
(331, 'Alt 83', 17),
(332, 'Alt 84', 17),
(333, 'Alt 85', 17),
(334, 'Alt 86', 17),
(335, 'Alt 87', 17),
(336, 'Alt 88', 17),
(337, 'Alt 89', 17),
(338, 'Alt 90', 17),
(339, 'Alt 91', 17),
(340, 'Alt 92', 17),
(341, 'Alt 93', 17),
(342, 'Alt 94', 17),
(343, 'Alt 95', 17),
(344, 'Alt 96', 17),
(345, 'Alt 97', 17),
(346, 'Alt 98', 17),
(347, 'Alt 99', 17),
(348, 'Alt 100', 17);

-- --------------------------------------------------------

--
-- Table structure for table `alternative_weight`
--

CREATE TABLE `alternative_weight` (
  `Weight_ID` int(11) NOT NULL,
  `Criteria_ID` int(11) NOT NULL,
  `Alternative_ID` int(11) NOT NULL,
  `Weight` varchar(255) NOT NULL
) ENGINE=InnoDB DEFAULT CHARSET=utf8mb4;

--
-- Dumping data for table `alternative_weight`
--

INSERT INTO `alternative_weight` (`Weight_ID`, `Criteria_ID`, `Alternative_ID`, `Weight`) VALUES
(24, 9, 7, '5'),
(25, 10, 7, '5'),
(26, 11, 7, '5'),
(27, 12, 7, '3'),
(28, 13, 7, '3'),
(29, 9, 8, '2'),
(30, 10, 8, '4'),
(31, 11, 8, '3'),
(32, 12, 8, '3'),
(33, 13, 8, '3'),
(34, 9, 9, '3'),
(35, 10, 9, '5'),
(36, 11, 9, '5'),
(37, 12, 9, '3'),
(38, 13, 9, '5'),
(39, 9, 10, '4'),
(40, 10, 10, '4'),
(41, 11, 10, '3'),
(42, 12, 10, '3'),
(43, 13, 10, '3'),
(75, 17, 34, '5'),
(76, 17, 35, '4'),
(77, 17, 36, '3'),
(78, 17, 37, '2'),
(79, 17, 38, '1'),
(80, 17, 39, '5'),
(81, 17, 40, '4'),
(82, 17, 41, '3'),
(83, 17, 42, '2'),
(84, 17, 43, '1'),
(85, 17, 44, '5'),
(86, 17, 45, '4'),
(87, 17, 46, '3'),
(88, 17, 47, '2'),
(89, 17, 48, '1'),
(90, 17, 49, '5'),
(91, 17, 50, '4'),
(92, 17, 51, '3'),
(93, 17, 52, '2'),
(94, 17, 53, '1'),
(95, 17, 54, '5'),
(96, 17, 55, '4'),
(97, 17, 56, '3'),
(98, 17, 57, '2'),
(99, 17, 58, '1'),
(100, 17, 59, '5'),
(101, 17, 60, '4'),
(102, 17, 61, '3'),
(103, 17, 62, '2'),
(104, 17, 63, '1'),
(105, 18, 34, '5'),
(106, 18, 35, '4'),
(107, 18, 36, '3'),
(108, 18, 37, '2'),
(109, 18, 38, '1'),
(110, 18, 39, '5'),
(111, 18, 40, '4'),
(112, 18, 41, '3'),
(113, 18, 42, '2'),
(114, 18, 43, '1'),
(115, 18, 44, '5'),
(116, 18, 45, '4'),
(117, 18, 46, '3'),
(118, 18, 47, '2'),
(119, 18, 48, '1'),
(120, 18, 49, '5'),
(121, 18, 50, '4'),
(122, 18, 51, '3'),
(123, 18, 52, '2'),
(124, 18, 53, '1'),
(125, 18, 54, '5'),
(126, 18, 55, '4'),
(127, 18, 56, '3'),
(128, 18, 57, '2'),
(129, 18, 58, '1'),
(130, 18, 59, '5'),
(131, 18, 60, '4'),
(132, 18, 61, '3'),
(133, 18, 62, '2'),
(134, 18, 63, '1'),
(135, 19, 34, '5'),
(136, 19, 35, '4'),
(137, 19, 36, '3'),
(138, 19, 37, '2'),
(139, 19, 38, '1'),
(140, 19, 39, '5'),
(141, 19, 40, '4'),
(142, 19, 41, '3'),
(143, 19, 42, '2'),
(144, 19, 43, '1'),
(145, 19, 44, '5'),
(146, 19, 45, '4'),
(147, 19, 46, '3'),
(148, 19, 47, '2'),
(149, 19, 48, '1'),
(150, 19, 49, '5'),
(151, 19, 50, '4'),
(152, 19, 51, '3'),
(153, 19, 52, '2'),
(154, 19, 53, '1'),
(155, 19, 54, '5'),
(156, 19, 55, '4'),
(157, 19, 56, '3'),
(158, 19, 57, '2'),
(159, 19, 58, '1'),
(160, 19, 59, '5'),
(161, 19, 60, '4'),
(162, 19, 61, '3'),
(163, 19, 62, '2'),
(164, 19, 63, '1'),
(165, 20, 64, '5'),
(166, 20, 65, '4'),
(167, 20, 66, '3'),
(168, 20, 67, '2'),
(169, 20, 68, '1'),
(170, 21, 64, '5'),
(171, 21, 65, '5'),
(172, 21, 66, '3'),
(173, 21, 67, '3'),
(174, 21, 68, '1'),
(175, 22, 64, '5'),
(176, 22, 65, '4'),
(177, 22, 66, '5'),
(178, 22, 67, '2'),
(179, 22, 68, '3'),
(180, 23, 69, '2'),
(181, 23, 70, '4'),
(182, 23, 71, '2'),
(183, 23, 72, '5'),
(184, 23, 73, '1'),
(185, 23, 74, '3'),
(186, 23, 75, '2'),
(187, 23, 76, '3'),
(188, 23, 77, '5'),
(189, 23, 78, '1'),
(190, 23, 79, '4'),
(191, 23, 80, '2'),
(192, 23, 81, '1'),
(193, 23, 82, '1'),
(194, 23, 83, '3'),
(195, 23, 84, '5'),
(196, 23, 85, '1'),
(197, 23, 86, '4'),
(198, 23, 87, '4'),
(199, 23, 88, '2'),
(200, 23, 89, '1'),
(201, 23, 90, '4'),
(202, 23, 91, '2'),
(203, 23, 92, '4'),
(204, 23, 93, '1'),
(205, 23, 94, '2'),
(206, 23, 95, '3'),
(207, 23, 96, '3'),
(208, 23, 97, '2'),
(209, 23, 98, '5'),
(210, 23, 99, '1'),
(211, 23, 100, '2'),
(212, 23, 101, '5'),
(213, 23, 102, '3'),
(214, 23, 103, '1'),
(215, 23, 104, '5'),
(216, 23, 105, '4'),
(217, 23, 106, '2'),
(218, 23, 107, '5'),
(219, 23, 108, '1'),
(220, 23, 109, '4'),
(221, 23, 110, '1'),
(222, 23, 111, '4'),
(223, 23, 112, '4'),
(224, 23, 113, '1'),
(225, 23, 114, '2'),
(226, 23, 115, '1'),
(227, 23, 116, '2'),
(228, 23, 117, '2'),
(229, 23, 118, '2'),
(230, 24, 69, '1'),
(231, 24, 70, '4'),
(232, 24, 71, '5'),
(233, 24, 72, '2'),
(234, 24, 73, '4'),
(235, 24, 74, '3'),
(236, 24, 75, '4'),
(237, 24, 76, '5'),
(238, 24, 77, '2'),
(239, 24, 78, '3'),
(240, 24, 79, '4'),
(241, 24, 80, '3'),
(242, 24, 81, '4'),
(243, 24, 82, '5'),
(244, 24, 83, '1'),
(245, 24, 84, '2'),
(246, 24, 85, '5'),
(247, 24, 86, '2'),
(248, 24, 87, '5'),
(249, 24, 88, '3'),
(250, 24, 89, '3'),
(251, 24, 90, '1'),
(252, 24, 91, '1'),
(253, 24, 92, '2'),
(254, 24, 93, '3'),
(255, 24, 94, '5'),
(256, 24, 95, '1'),
(257, 24, 96, '4'),
(258, 24, 97, '5'),
(259, 24, 98, '3'),
(260, 24, 99, '1'),
(261, 24, 100, '3'),
(262, 24, 101, '1'),
(263, 24, 102, '3'),
(264, 24, 103, '5'),
(265, 24, 104, '2'),
(266, 24, 105, '4'),
(267, 24, 106, '3'),
(268, 24, 107, '5'),
(269, 24, 108, '5'),
(270, 24, 109, '3'),
(271, 24, 110, '4'),
(272, 24, 111, '2'),
(273, 24, 112, '4'),
(274, 24, 113, '5'),
(275, 24, 114, '3'),
(276, 24, 115, '3'),
(277, 24, 116, '3'),
(278, 24, 117, '2'),
(279, 24, 118, '2'),
(280, 25, 69, '3'),
(281, 25, 70, '4'),
(282, 25, 71, '2'),
(283, 25, 72, '2'),
(284, 25, 73, '2'),
(285, 25, 74, '5'),
(286, 25, 75, '3'),
(287, 25, 76, '4'),
(288, 25, 77, '3'),
(289, 25, 78, '3'),
(290, 25, 79, '1'),
(291, 25, 80, '5'),
(292, 25, 81, '2'),
(293, 25, 82, '2'),
(294, 25, 83, '4'),
(295, 25, 84, '4'),
(296, 25, 85, '4'),
(297, 25, 86, '5'),
(298, 25, 87, '3'),
(299, 25, 88, '1'),
(300, 25, 89, '2'),
(301, 25, 90, '2'),
(302, 25, 91, '5'),
(303, 25, 92, '1'),
(304, 25, 93, '4'),
(305, 25, 94, '5'),
(306, 25, 95, '1'),
(307, 25, 96, '4'),
(308, 25, 97, '2'),
(309, 25, 98, '2'),
(310, 25, 99, '2'),
(311, 25, 100, '5'),
(312, 25, 101, '3'),
(313, 25, 102, '2'),
(314, 25, 103, '5'),
(315, 25, 104, '3'),
(316, 25, 105, '1'),
(317, 25, 106, '3'),
(318, 25, 107, '1'),
(319, 25, 108, '1'),
(320, 25, 109, '3'),
(321, 25, 110, '1'),
(322, 25, 111, '5'),
(323, 25, 112, '1'),
(324, 25, 113, '1'),
(325, 25, 114, '5'),
(326, 25, 115, '4'),
(327, 25, 116, '5'),
(328, 25, 117, '3'),
(329, 25, 118, '2'),
(330, 26, 69, '3'),
(331, 26, 70, '5'),
(332, 26, 71, '1'),
(333, 26, 72, '1'),
(334, 26, 73, '4'),
(335, 26, 74, '1'),
(336, 26, 75, '1'),
(337, 26, 76, '4'),
(338, 26, 77, '3'),
(339, 26, 78, '5'),
(340, 26, 79, '3'),
(341, 26, 80, '5'),
(342, 26, 81, '4'),
(343, 26, 82, '3'),
(344, 26, 83, '4'),
(345, 26, 84, '2'),
(346, 26, 85, '5'),
(347, 26, 86, '4'),
(348, 26, 87, '2'),
(349, 26, 88, '2'),
(350, 26, 89, '1'),
(351, 26, 90, '5'),
(352, 26, 91, '3'),
(353, 26, 92, '1'),
(354, 26, 93, '4'),
(355, 26, 94, '2'),
(356, 26, 95, '5'),
(357, 26, 96, '1'),
(358, 26, 97, '5'),
(359, 26, 98, '3'),
(360, 26, 99, '3'),
(361, 26, 100, '2'),
(362, 26, 101, '1'),
(363, 26, 102, '1'),
(364, 26, 103, '3'),
(365, 26, 104, '1'),
(366, 26, 105, '4'),
(367, 26, 106, '2'),
(368, 26, 107, '2'),
(369, 26, 108, '4'),
(370, 26, 109, '4'),
(371, 26, 110, '2'),
(372, 26, 111, '4'),
(373, 26, 112, '3'),
(374, 26, 113, '2'),
(375, 26, 114, '3'),
(376, 26, 115, '5'),
(377, 26, 116, '5'),
(378, 26, 117, '1'),
(379, 26, 118, '2'),
(380, 27, 119, '2'),
(381, 27, 120, '2'),
(382, 27, 121, '5'),
(383, 27, 122, '3'),
(384, 27, 123, '3'),
(385, 27, 124, '5'),
(386, 27, 125, '1'),
(387, 27, 126, '3'),
(388, 27, 127, '5'),
(389, 27, 128, '3'),
(390, 27, 129, '4'),
(391, 27, 130, '2'),
(392, 27, 131, '4'),
(393, 27, 132, '3'),
(394, 27, 133, '2'),
(395, 27, 134, '2'),
(396, 27, 135, '1'),
(397, 27, 136, '3'),
(398, 27, 137, '3'),
(399, 27, 138, '5'),
(400, 27, 139, '5'),
(401, 27, 140, '4'),
(402, 27, 141, '2'),
(403, 27, 142, '5'),
(404, 27, 143, '4'),
(405, 27, 144, '5'),
(406, 27, 145, '3'),
(407, 27, 146, '4'),
(408, 27, 147, '3'),
(409, 27, 148, '2'),
(410, 27, 149, '3'),
(411, 27, 150, '3'),
(412, 27, 151, '3'),
(413, 27, 152, '2'),
(414, 27, 153, '2'),
(415, 27, 154, '5'),
(416, 27, 155, '4'),
(417, 27, 156, '1'),
(418, 27, 157, '4'),
(419, 27, 158, '2'),
(420, 27, 159, '3'),
(421, 27, 160, '5'),
(422, 27, 161, '4'),
(423, 27, 162, '2'),
(424, 27, 163, '4'),
(425, 27, 164, '5'),
(426, 27, 165, '1'),
(427, 27, 166, '2'),
(428, 27, 167, '2'),
(429, 27, 168, '5'),
(430, 27, 169, '5'),
(431, 27, 170, '3'),
(432, 27, 171, '1'),
(433, 27, 172, '2'),
(434, 27, 173, '2'),
(435, 27, 174, '4'),
(436, 27, 175, '5'),
(437, 27, 176, '3'),
(438, 27, 177, '3'),
(439, 27, 178, '2'),
(440, 27, 179, '5'),
(441, 27, 180, '5'),
(442, 27, 181, '2'),
(443, 27, 182, '1'),
(444, 27, 183, '5'),
(445, 27, 184, '4'),
(446, 27, 185, '4'),
(447, 27, 186, '4'),
(448, 27, 187, '5'),
(449, 27, 188, '4'),
(450, 27, 189, '5'),
(451, 27, 190, '5'),
(452, 27, 191, '1'),
(453, 27, 192, '2'),
(454, 27, 193, '5'),
(455, 27, 194, '5'),
(456, 27, 195, '2'),
(457, 27, 196, '3'),
(458, 27, 197, '1'),
(459, 27, 198, '2'),
(460, 27, 199, '5'),
(461, 27, 200, '2'),
(462, 27, 201, '3'),
(463, 27, 202, '4'),
(464, 27, 203, '1'),
(465, 27, 204, '3'),
(466, 27, 205, '2'),
(467, 27, 206, '4'),
(468, 27, 207, '5'),
(469, 27, 208, '3'),
(470, 27, 209, '3'),
(471, 27, 210, '2'),
(472, 27, 211, '3'),
(473, 27, 212, '5'),
(474, 27, 213, '5'),
(475, 27, 214, '5'),
(476, 27, 215, '4'),
(477, 27, 216, '1'),
(478, 27, 217, '3'),
(479, 27, 218, '1'),
(480, 28, 119, '4'),
(481, 28, 120, '4'),
(482, 28, 121, '4'),
(483, 28, 122, '3'),
(484, 28, 123, '2'),
(485, 28, 124, '4'),
(486, 28, 125, '2'),
(487, 28, 126, '4'),
(488, 28, 127, '5'),
(489, 28, 128, '1'),
(490, 28, 129, '1'),
(491, 28, 130, '1'),
(492, 28, 131, '4'),
(493, 28, 132, '5'),
(494, 28, 133, '2'),
(495, 28, 134, '2'),
(496, 28, 135, '5'),
(497, 28, 136, '3'),
(498, 28, 137, '3'),
(499, 28, 138, '5'),
(500, 28, 139, '3'),
(501, 28, 140, '5'),
(502, 28, 141, '2'),
(503, 28, 142, '4'),
(504, 28, 143, '3'),
(505, 28, 144, '4'),
(506, 28, 145, '5'),
(507, 28, 146, '4'),
(508, 28, 147, '4'),
(509, 28, 148, '5'),
(510, 28, 149, '5'),
(511, 28, 150, '5'),
(512, 28, 151, '4'),
(513, 28, 152, '1'),
(514, 28, 153, '4'),
(515, 28, 154, '1'),
(516, 28, 155, '5'),
(517, 28, 156, '5'),
(518, 28, 157, '1'),
(519, 28, 158, '2'),
(520, 28, 159, '3'),
(521, 28, 160, '3'),
(522, 28, 161, '5'),
(523, 28, 162, '3'),
(524, 28, 163, '3'),
(525, 28, 164, '3'),
(526, 28, 165, '2'),
(527, 28, 166, '5'),
(528, 28, 167, '4'),
(529, 28, 168, '4'),
(530, 28, 169, '4'),
(531, 28, 170, '4'),
(532, 28, 171, '2'),
(533, 28, 172, '5'),
(534, 28, 173, '2'),
(535, 28, 174, '5'),
(536, 28, 175, '5'),
(537, 28, 176, '1'),
(538, 28, 177, '3'),
(539, 28, 178, '4'),
(540, 28, 179, '2'),
(541, 28, 180, '3'),
(542, 28, 181, '2'),
(543, 28, 182, '2'),
(544, 28, 183, '3'),
(545, 28, 184, '2'),
(546, 28, 185, '2'),
(547, 28, 186, '4'),
(548, 28, 187, '3'),
(549, 28, 188, '1'),
(550, 28, 189, '1'),
(551, 28, 190, '5'),
(552, 28, 191, '1'),
(553, 28, 192, '2'),
(554, 28, 193, '3'),
(555, 28, 194, '4'),
(556, 28, 195, '4'),
(557, 28, 196, '2'),
(558, 28, 197, '4'),
(559, 28, 198, '5'),
(560, 28, 199, '5'),
(561, 28, 200, '2'),
(562, 28, 201, '2'),
(563, 28, 202, '5'),
(564, 28, 203, '5'),
(565, 28, 204, '2'),
(566, 28, 205, '4'),
(567, 28, 206, '1'),
(568, 28, 207, '3'),
(569, 28, 208, '2'),
(570, 28, 209, '3'),
(571, 28, 210, '1'),
(572, 28, 211, '4'),
(573, 28, 212, '3'),
(574, 28, 213, '4'),
(575, 28, 214, '4'),
(576, 28, 215, '2'),
(577, 28, 216, '5'),
(578, 28, 217, '1'),
(579, 28, 218, '5'),
(580, 29, 119, '4'),
(581, 29, 120, '2'),
(582, 29, 121, '5'),
(583, 29, 122, '1'),
(584, 29, 123, '4'),
(585, 29, 124, '5'),
(586, 29, 125, '5'),
(587, 29, 126, '3'),
(588, 29, 127, '5'),
(589, 29, 128, '1'),
(590, 29, 129, '3'),
(591, 29, 130, '4'),
(592, 29, 131, '2'),
(593, 29, 132, '3'),
(594, 29, 133, '2'),
(595, 29, 134, '5'),
(596, 29, 135, '3'),
(597, 29, 136, '1'),
(598, 29, 137, '4'),
(599, 29, 138, '3'),
(600, 29, 139, '1'),
(601, 29, 140, '1'),
(602, 29, 141, '2'),
(603, 29, 142, '1'),
(604, 29, 143, '5'),
(605, 29, 144, '3'),
(606, 29, 145, '2'),
(607, 29, 146, '2'),
(608, 29, 147, '4'),
(609, 29, 148, '4'),
(610, 29, 149, '3'),
(611, 29, 150, '5'),
(612, 29, 151, '5'),
(613, 29, 152, '3'),
(614, 29, 153, '4'),
(615, 29, 154, '4'),
(616, 29, 155, '4'),
(617, 29, 156, '5'),
(618, 29, 157, '2'),
(619, 29, 158, '2'),
(620, 29, 159, '3'),
(621, 29, 160, '4'),
(622, 29, 161, '5'),
(623, 29, 162, '5'),
(624, 29, 163, '5'),
(625, 29, 164, '3'),
(626, 29, 165, '2'),
(627, 29, 166, '1'),
(628, 29, 167, '3'),
(629, 29, 168, '1'),
(630, 29, 169, '2'),
(631, 29, 170, '2'),
(632, 29, 171, '5'),
(633, 29, 172, '4'),
(634, 29, 173, '1'),
(635, 29, 174, '2'),
(636, 29, 175, '2'),
(637, 29, 176, '4'),
(638, 29, 177, '5'),
(639, 29, 178, '3'),
(640, 29, 179, '1'),
(641, 29, 180, '4'),
(642, 29, 181, '2'),
(643, 29, 182, '3'),
(644, 29, 183, '3'),
(645, 29, 184, '1'),
(646, 29, 185, '5'),
(647, 29, 186, '5'),
(648, 29, 187, '3'),
(649, 29, 188, '2'),
(650, 29, 189, '1'),
(651, 29, 190, '1'),
(652, 29, 191, '5'),
(653, 29, 192, '4'),
(654, 29, 193, '1'),
(655, 29, 194, '3'),
(656, 29, 195, '3'),
(657, 29, 196, '3'),
(658, 29, 197, '4'),
(659, 29, 198, '2'),
(660, 29, 199, '5'),
(661, 29, 200, '4'),
(662, 29, 201, '5'),
(663, 29, 202, '3'),
(664, 29, 203, '4'),
(665, 29, 204, '2'),
(666, 29, 205, '4'),
(667, 29, 206, '1'),
(668, 29, 207, '1'),
(669, 29, 208, '4'),
(670, 29, 209, '3'),
(671, 29, 210, '4'),
(672, 29, 211, '2'),
(673, 29, 212, '5'),
(674, 29, 213, '3'),
(675, 29, 214, '2'),
(676, 29, 215, '4'),
(677, 29, 216, '3'),
(678, 29, 217, '3'),
(679, 29, 218, '2'),
(680, 30, 119, '3'),
(681, 30, 120, '4'),
(682, 30, 121, '3'),
(683, 30, 122, '5'),
(684, 30, 123, '2'),
(685, 30, 124, '5'),
(686, 30, 125, '2'),
(687, 30, 126, '2'),
(688, 30, 127, '2'),
(689, 30, 128, '4'),
(690, 30, 129, '4'),
(691, 30, 130, '1'),
(692, 30, 131, '3'),
(693, 30, 132, '2'),
(694, 30, 133, '4'),
(695, 30, 134, '4'),
(696, 30, 135, '3'),
(697, 30, 136, '5'),
(698, 30, 137, '4'),
(699, 30, 138, '2'),
(700, 30, 139, '4'),
(701, 30, 140, '2'),
(702, 30, 141, '3'),
(703, 30, 142, '3'),
(704, 30, 143, '3'),
(705, 30, 144, '5'),
(706, 30, 145, '4'),
(707, 30, 146, '2'),
(708, 30, 147, '2'),
(709, 30, 148, '1'),
(710, 30, 149, '2'),
(711, 30, 150, '2'),
(712, 30, 151, '1'),
(713, 30, 152, '2'),
(714, 30, 153, '3'),
(715, 30, 154, '5'),
(716, 30, 155, '4'),
(717, 30, 156, '5'),
(718, 30, 157, '1'),
(719, 30, 158, '2'),
(720, 30, 159, '2'),
(721, 30, 160, '1'),
(722, 30, 161, '5'),
(723, 30, 162, '2'),
(724, 30, 163, '4'),
(725, 30, 164, '2'),
(726, 30, 165, '4'),
(727, 30, 166, '5'),
(728, 30, 167, '3'),
(729, 30, 168, '3'),
(730, 30, 169, '5'),
(731, 30, 170, '5'),
(732, 30, 171, '3'),
(733, 30, 172, '5'),
(734, 30, 173, '2'),
(735, 30, 174, '3'),
(736, 30, 175, '3'),
(737, 30, 176, '5'),
(738, 30, 177, '4'),
(739, 30, 178, '1'),
(740, 30, 179, '5'),
(741, 30, 180, '1'),
(742, 30, 181, '4'),
(743, 30, 182, '5'),
(744, 30, 183, '2'),
(745, 30, 184, '3'),
(746, 30, 185, '2'),
(747, 30, 186, '5'),
(748, 30, 187, '3'),
(749, 30, 188, '1'),
(750, 30, 189, '4'),
(751, 30, 190, '1'),
(752, 30, 191, '4'),
(753, 30, 192, '1'),
(754, 30, 193, '3'),
(755, 30, 194, '3'),
(756, 30, 195, '4'),
(757, 30, 196, '3'),
(758, 30, 197, '4'),
(759, 30, 198, '4'),
(760, 30, 199, '3'),
(761, 30, 200, '3'),
(762, 30, 201, '2'),
(763, 30, 202, '5'),
(764, 30, 203, '3'),
(765, 30, 204, '3'),
(766, 30, 205, '2'),
(767, 30, 206, '1'),
(768, 30, 207, '5'),
(769, 30, 208, '3'),
(770, 30, 209, '2'),
(771, 30, 210, '5'),
(772, 30, 211, '1'),
(773, 30, 212, '1'),
(774, 30, 213, '1'),
(775, 30, 214, '4'),
(776, 30, 215, '3'),
(777, 30, 216, '3'),
(778, 30, 217, '4'),
(779, 30, 218, '5'),
(780, 31, 219, '1'),
(781, 31, 220, '5'),
(782, 31, 221, '1'),
(783, 31, 222, '2'),
(784, 31, 223, '1'),
(785, 31, 224, '4'),
(786, 31, 225, '4'),
(787, 31, 226, '3'),
(788, 31, 227, '5'),
(789, 31, 228, '2'),
(790, 31, 229, '2'),
(791, 31, 230, '3'),
(792, 31, 231, '1'),
(793, 31, 232, '2'),
(794, 31, 233, '3'),
(795, 31, 234, '5'),
(796, 31, 235, '5'),
(797, 31, 236, '2'),
(798, 31, 237, '2'),
(799, 31, 238, '5'),
(800, 31, 239, '3'),
(801, 31, 240, '4'),
(802, 31, 241, '5'),
(803, 31, 242, '3'),
(804, 31, 243, '4'),
(805, 31, 244, '2'),
(806, 31, 245, '5'),
(807, 31, 246, '5'),
(808, 31, 247, '1'),
(809, 31, 248, '1'),
(810, 32, 219, '4'),
(811, 32, 220, '1'),
(812, 32, 221, '3'),
(813, 32, 222, '3'),
(814, 32, 223, '5'),
(815, 32, 224, '1'),
(816, 32, 225, '3'),
(817, 32, 226, '3'),
(818, 32, 227, '1'),
(819, 32, 228, '4'),
(820, 32, 229, '5'),
(821, 32, 230, '2'),
(822, 32, 231, '5'),
(823, 32, 232, '3'),
(824, 32, 233, '3'),
(825, 32, 234, '2'),
(826, 32, 235, '4'),
(827, 32, 236, '5'),
(828, 32, 237, '4'),
(829, 32, 238, '2'),
(830, 32, 239, '3'),
(831, 32, 240, '1'),
(832, 32, 241, '1'),
(833, 32, 242, '5'),
(834, 32, 243, '4'),
(835, 32, 244, '1'),
(836, 32, 245, '2'),
(837, 32, 246, '2'),
(838, 32, 247, '5'),
(839, 32, 248, '4'),
(840, 33, 219, '5'),
(841, 33, 220, '1'),
(842, 33, 221, '2'),
(843, 33, 222, '5'),
(844, 33, 223, '4'),
(845, 33, 224, '2'),
(846, 33, 225, '4'),
(847, 33, 226, '3'),
(848, 33, 227, '5'),
(849, 33, 228, '4'),
(850, 33, 229, '4'),
(851, 33, 230, '1'),
(852, 33, 231, '5'),
(853, 33, 232, '3'),
(854, 33, 233, '2'),
(855, 33, 234, '3'),
(856, 33, 235, '5'),
(857, 33, 236, '1'),
(858, 33, 237, '5'),
(859, 33, 238, '5'),
(860, 33, 239, '4'),
(861, 33, 240, '2'),
(862, 33, 241, '2'),
(863, 33, 242, '4'),
(864, 33, 243, '4'),
(865, 33, 244, '2'),
(866, 33, 245, '2'),
(867, 33, 246, '3'),
(868, 33, 247, '4'),
(869, 33, 248, '1'),
(870, 34, 219, '3'),
(871, 34, 220, '1'),
(872, 34, 221, '1'),
(873, 34, 222, '5'),
(874, 34, 223, '3'),
(875, 34, 224, '1'),
(876, 34, 225, '3'),
(877, 34, 226, '2'),
(878, 34, 227, '3'),
(879, 34, 228, '1'),
(880, 34, 229, '2'),
(881, 34, 230, '4'),
(882, 34, 231, '5'),
(883, 34, 232, '3'),
(884, 34, 233, '5'),
(885, 34, 234, '5'),
(886, 34, 235, '4'),
(887, 34, 236, '5'),
(888, 34, 237, '2'),
(889, 34, 238, '2'),
(890, 34, 239, '5'),
(891, 34, 240, '2'),
(892, 34, 241, '4'),
(893, 34, 242, '3'),
(894, 34, 243, '4'),
(895, 34, 244, '5'),
(896, 34, 245, '5'),
(897, 34, 246, '5'),
(898, 34, 247, '2'),
(899, 34, 248, '1'),
(900, 35, 249, '5'),
(901, 35, 250, '2'),
(902, 35, 251, '4'),
(903, 35, 252, '1'),
(904, 35, 253, '3'),
(905, 35, 254, '2'),
(906, 35, 255, '2'),
(907, 35, 256, '5'),
(908, 35, 257, '2'),
(909, 35, 258, '3'),
(910, 35, 259, '4'),
(911, 35, 260, '2'),
(912, 35, 261, '2'),
(913, 35, 262, '5'),
(914, 35, 263, '2'),
(915, 35, 264, '2'),
(916, 35, 265, '1'),
(917, 35, 266, '4'),
(918, 35, 267, '3'),
(919, 35, 268, '5'),
(920, 35, 269, '2'),
(921, 35, 270, '3'),
(922, 35, 271, '3'),
(923, 35, 272, '4'),
(924, 35, 273, '1'),
(925, 35, 274, '5'),
(926, 35, 275, '2'),
(927, 35, 276, '2'),
(928, 35, 277, '2'),
(929, 35, 278, '1'),
(930, 35, 279, '4'),
(931, 35, 280, '2'),
(932, 35, 281, '4'),
(933, 35, 282, '2'),
(934, 35, 283, '3'),
(935, 35, 284, '1'),
(936, 35, 285, '4'),
(937, 35, 286, '5'),
(938, 35, 287, '4'),
(939, 35, 288, '1'),
(940, 35, 289, '3'),
(941, 35, 290, '5'),
(942, 35, 291, '3'),
(943, 35, 292, '2'),
(944, 35, 293, '3'),
(945, 35, 294, '2'),
(946, 35, 295, '4'),
(947, 35, 296, '1'),
(948, 35, 297, '2'),
(949, 35, 298, '2'),
(950, 35, 299, '5'),
(951, 35, 300, '5'),
(952, 35, 301, '1'),
(953, 35, 302, '5'),
(954, 35, 303, '3'),
(955, 35, 304, '4'),
(956, 35, 305, '3'),
(957, 35, 306, '4'),
(958, 35, 307, '2'),
(959, 35, 308, '5'),
(960, 35, 309, '2'),
(961, 35, 310, '5'),
(962, 35, 311, '5'),
(963, 35, 312, '1'),
(964, 35, 313, '3'),
(965, 35, 314, '2'),
(966, 35, 315, '3'),
(967, 35, 316, '2'),
(968, 35, 317, '4'),
(969, 35, 318, '4'),
(970, 35, 319, '2'),
(971, 35, 320, '4'),
(972, 35, 321, '5'),
(973, 35, 322, '1'),
(974, 35, 323, '2'),
(975, 35, 324, '2'),
(976, 35, 325, '1'),
(977, 35, 326, '4'),
(978, 35, 327, '5'),
(979, 35, 328, '4'),
(980, 35, 329, '4'),
(981, 35, 330, '1'),
(982, 35, 331, '1'),
(983, 35, 332, '3'),
(984, 35, 333, '4'),
(985, 35, 334, '1'),
(986, 35, 335, '2'),
(987, 35, 336, '3'),
(988, 35, 337, '2'),
(989, 35, 338, '1'),
(990, 35, 339, '5'),
(991, 35, 340, '1'),
(992, 35, 341, '2'),
(993, 35, 342, '1'),
(994, 35, 343, '3'),
(995, 35, 344, '5'),
(996, 35, 345, '1'),
(997, 35, 346, '4'),
(998, 35, 347, '3'),
(999, 35, 348, '4'),
(1000, 36, 249, '2'),
(1001, 36, 250, '5'),
(1002, 36, 251, '5'),
(1003, 36, 252, '4'),
(1004, 36, 253, '1'),
(1005, 36, 254, '1'),
(1006, 36, 255, '5'),
(1007, 36, 256, '5'),
(1008, 36, 257, '3'),
(1009, 36, 258, '1'),
(1010, 36, 259, '3'),
(1011, 36, 260, '3'),
(1012, 36, 261, '2'),
(1013, 36, 262, '3'),
(1014, 36, 263, '1'),
(1015, 36, 264, '2'),
(1016, 36, 265, '5'),
(1017, 36, 266, '2'),
(1018, 36, 267, '2'),
(1019, 36, 268, '3'),
(1020, 36, 269, '2'),
(1021, 36, 270, '1'),
(1022, 36, 271, '3'),
(1023, 36, 272, '4'),
(1024, 36, 273, '3'),
(1025, 36, 274, '3'),
(1026, 36, 275, '3'),
(1027, 36, 276, '2'),
(1028, 36, 277, '2'),
(1029, 36, 278, '1'),
(1030, 36, 279, '5'),
(1031, 36, 280, '4'),
(1032, 36, 281, '2'),
(1033, 36, 282, '3'),
(1034, 36, 283, '1'),
(1035, 36, 284, '1'),
(1036, 36, 285, '1'),
(1037, 36, 286, '4'),
(1038, 36, 287, '5'),
(1039, 36, 288, '3'),
(1040, 36, 289, '1'),
(1041, 36, 290, '3'),
(1042, 36, 291, '3'),
(1043, 36, 292, '4'),
(1044, 36, 293, '4'),
(1045, 36, 294, '5'),
(1046, 36, 295, '1'),
(1047, 36, 296, '4'),
(1048, 36, 297, '4'),
(1049, 36, 298, '1'),
(1050, 36, 299, '4'),
(1051, 36, 300, '3'),
(1052, 36, 301, '1'),
(1053, 36, 302, '1'),
(1054, 36, 303, '2'),
(1055, 36, 304, '2'),
(1056, 36, 305, '2'),
(1057, 36, 306, '3'),
(1058, 36, 307, '2'),
(1059, 36, 308, '5'),
(1060, 36, 309, '4'),
(1061, 36, 310, '3'),
(1062, 36, 311, '1'),
(1063, 36, 312, '1'),
(1064, 36, 313, '5'),
(1065, 36, 314, '2'),
(1066, 36, 315, '1'),
(1067, 36, 316, '5'),
(1068, 36, 317, '2'),
(1069, 36, 318, '3'),
(1070, 36, 319, '2'),
(1071, 36, 320, '1'),
(1072, 36, 321, '5'),
(1073, 36, 322, '2'),
(1074, 36, 323, '2'),
(1075, 36, 324, '2'),
(1076, 36, 325, '3'),
(1077, 36, 326, '2'),
(1078, 36, 327, '1'),
(1079, 36, 328, '1'),
(1080, 36, 329, '5'),
(1081, 36, 330, '4'),
(1082, 36, 331, '2'),
(1083, 36, 332, '5'),
(1084, 36, 333, '1'),
(1085, 36, 334, '3'),
(1086, 36, 335, '3'),
(1087, 36, 336, '4'),
(1088, 36, 337, '3'),
(1089, 36, 338, '1'),
(1090, 36, 339, '4'),
(1091, 36, 340, '5'),
(1092, 36, 341, '3'),
(1093, 36, 342, '1'),
(1094, 36, 343, '1'),
(1095, 36, 344, '4'),
(1096, 36, 345, '4'),
(1097, 36, 346, '1'),
(1098, 36, 347, '3'),
(1099, 36, 348, '1'),
(1100, 37, 249, '2'),
(1101, 37, 250, '4'),
(1102, 37, 251, '2'),
(1103, 37, 252, '3'),
(1104, 37, 253, '1'),
(1105, 37, 254, '2'),
(1106, 37, 255, '5'),
(1107, 37, 256, '5'),
(1108, 37, 257, '2'),
(1109, 37, 258, '5'),
(1110, 37, 259, '5'),
(1111, 37, 260, '2'),
(1112, 37, 261, '5'),
(1113, 37, 262, '1'),
(1114, 37, 263, '1'),
(1115, 37, 264, '5'),
(1116, 37, 265, '3'),
(1117, 37, 266, '3'),
(1118, 37, 267, '2'),
(1119, 37, 268, '1'),
(1120, 37, 269, '3'),
(1121, 37, 270, '3'),
(1122, 37, 271, '1'),
(1123, 37, 272, '3'),
(1124, 37, 273, '2'),
(1125, 37, 274, '3'),
(1126, 37, 275, '2'),
(1127, 37, 276, '3'),
(1128, 37, 277, '4'),
(1129, 37, 278, '3'),
(1130, 37, 279, '2'),
(1131, 37, 280, '4'),
(1132, 37, 281, '5'),
(1133, 37, 282, '4'),
(1134, 37, 283, '5'),
(1135, 37, 284, '3'),
(1136, 37, 285, '4'),
(1137, 37, 286, '4'),
(1138, 37, 287, '2'),
(1139, 37, 288, '5'),
(1140, 37, 289, '1'),
(1141, 37, 290, '3'),
(1142, 37, 291, '4'),
(1143, 37, 292, '2'),
(1144, 37, 293, '5'),
(1145, 37, 294, '5'),
(1146, 37, 295, '2'),
(1147, 37, 296, '4'),
(1148, 37, 297, '3'),
(1149, 37, 298, '4'),
(1150, 37, 299, '5'),
(1151, 37, 300, '1'),
(1152, 37, 301, '2'),
(1153, 37, 302, '4'),
(1154, 37, 303, '4'),
(1155, 37, 304, '1'),
(1156, 37, 305, '3'),
(1157, 37, 306, '2'),
(1158, 37, 307, '4'),
(1159, 37, 308, '1'),
(1160, 37, 309, '2'),
(1161, 37, 310, '2'),
(1162, 37, 311, '2'),
(1163, 37, 312, '1'),
(1164, 37, 313, '1'),
(1165, 37, 314, '1'),
(1166, 37, 315, '4'),
(1167, 37, 316, '5'),
(1168, 37, 317, '5'),
(1169, 37, 318, '1'),
(1170, 37, 319, '1'),
(1171, 37, 320, '4'),
(1172, 37, 321, '5'),
(1173, 37, 322, '2'),
(1174, 37, 323, '4'),
(1175, 37, 324, '2'),
(1176, 37, 325, '3'),
(1177, 37, 326, '5'),
(1178, 37, 327, '1'),
(1179, 37, 328, '5'),
(1180, 37, 329, '5'),
(1181, 37, 330, '3'),
(1182, 37, 331, '1'),
(1183, 37, 332, '5'),
(1184, 37, 333, '5'),
(1185, 37, 334, '5'),
(1186, 37, 335, '5'),
(1187, 37, 336, '1'),
(1188, 37, 337, '4'),
(1189, 37, 338, '4'),
(1190, 37, 339, '3'),
(1191, 37, 340, '3'),
(1192, 37, 341, '4'),
(1193, 37, 342, '3'),
(1194, 37, 343, '4'),
(1195, 37, 344, '1'),
(1196, 37, 345, '1'),
(1197, 37, 346, '5'),
(1198, 37, 347, '3'),
(1199, 37, 348, '3');

-- --------------------------------------------------------

--
-- Table structure for table `criterias`
--

CREATE TABLE `criterias` (
  `criteria_ID` int(11) NOT NULL,
  `Criteria_Title` varchar(255) NOT NULL,
  `Linguistic_Term` int(11) NOT NULL,
  `Decision_ID` int(11) NOT NULL,
  `Criteria_Importance` int(11) NOT NULL,
  `Criteria_Type` tinyint(4) NOT NULL COMMENT '1 =  benefit , 0 = cost'
) ENGINE=InnoDB DEFAULT CHARSET=utf8mb4;

--
-- Dumping data for table `criterias`
--

INSERT INTO `criterias` (`criteria_ID`, `Criteria_Title`, `Linguistic_Term`, `Decision_ID`, `Criteria_Importance`, `Criteria_Type`) VALUES
(9, 'Harga', 1, 11, 5, 0),
(10, 'Mutu', 1, 11, 4, 0),
(11, 'Waktu', 1, 11, 4, 0),
(12, 'Keuangan', 1, 11, 4, 0),
(13, 'P3L', 1, 11, 3, 0),
(17, 'Criteria A', 1, 12, 5, 0),
(18, 'Criteria B', 1, 12, 4, 1),
(19, 'Criteria C', 1, 12, 3, 0),
(20, 'Criteria A', 1, 13, 5, 0),
(21, 'Criteria B', 1, 13, 4, 1),
(22, 'Criteria C', 1, 13, 3, 0),
(23, 'Criteria 1', 1, 14, 1, 0),
(24, 'Criteria 2', 1, 14, 2, 0),
(25, 'Criteria 3', 1, 14, 2, 0),
(26, 'Criteria 4', 1, 14, 1, 0),
(27, 'Criteria 1', 1, 15, 1, 0),
(28, 'Criteria 2', 1, 15, 4, 0),
(29, 'Criteria 3', 1, 15, 3, 0),
(30, 'Criteria 4', 1, 15, 1, 0),
(31, 'Criteria 1', 1, 16, 1, 0),
(32, 'Criteria 2', 1, 16, 1, 0),
(33, 'Criteria 3', 1, 16, 2, 0),
(34, 'Criteria 4', 1, 16, 2, 0),
(35, 'Criteria 1', 1, 17, 2, 0),
(36, 'Criteria 2', 1, 17, 2, 0),
(37, 'Criteria 3', 1, 17, 2, 0);

-- --------------------------------------------------------

--
-- Table structure for table `decisions`
--

CREATE TABLE `decisions` (
  `decision_ID` int(11) NOT NULL,
  `decision_Title` varchar(255) NOT NULL,
  `decision_Status` tinyint(1) DEFAULT 0,
  `decision_Date` datetime NOT NULL DEFAULT current_timestamp(),
  `UserID` int(11) NOT NULL
) ENGINE=InnoDB DEFAULT CHARSET=utf8mb4;

--
-- Dumping data for table `decisions`
--

INSERT INTO `decisions` (`decision_ID`, `decision_Title`, `decision_Status`, `decision_Date`, `UserID`) VALUES
(11, 'bro semen', 0, '2023-05-15 21:21:45', 0),
(12, '3 C 30 A', 0, '2023-06-11 00:00:00', 0),
(13, '3 C 5 A', 0, '2023-06-11 00:00:00', 0),
(14, '4 c 50 A', 0, '2023-06-11 00:00:00', 0),
(15, '4 C 100 A', 0, '2023-06-11 00:00:00', 0),
(16, '4c 30 a', 0, '2023-06-11 00:00:00', 0),
(17, '3 c 100 a', 0, '2023-06-11 00:00:00', 0);

-- --------------------------------------------------------

--
-- Table structure for table `linguistic_terms`
--

CREATE TABLE `linguistic_terms` (
  `Term_ID` int(11) NOT NULL,
  `TermLevel_1` varchar(255) NOT NULL,
  `TermLevel_2` varchar(255) NOT NULL,
  `TermLevel_3` varchar(255) NOT NULL,
  `TermLevel_4` varchar(255) NOT NULL,
  `TermLevel_5` varchar(255) NOT NULL
) ENGINE=InnoDB DEFAULT CHARSET=utf8mb4;

--
-- Dumping data for table `linguistic_terms`
--

INSERT INTO `linguistic_terms` (`Term_ID`, `TermLevel_1`, `TermLevel_2`, `TermLevel_3`, `TermLevel_4`, `TermLevel_5`) VALUES
(1, 'Very Low', 'Low', 'Good', 'High', 'Very High'),
(2, 'rarely', 'occasionally', 'sometimes', 'often', 'frequently'),
(3, 'very poor', 'poor', 'moderate', 'good', 'very good'),
(4, 'very low', 'low', 'moderate', 'high', 'very high'),
(5, 'unacceptable', 'poor', 'fair', 'good', 'excellent'),
(6, 'very short', 'short', 'moderate', 'long', 'very long'),
(7, 'far', 'quite far', 'moderately far', 'quite near', 'near'),
(8, 'very cold', 'cold', 'moderate', 'warm', 'very warm'),
(9, 'very small', 'small', 'moderate', 'large', 'very large'),
(10, 'very weak', 'weak', 'moderate', 'strong', 'very strong');

--
-- Indexes for dumped tables
--

--
-- Indexes for table `alternatives`
--
ALTER TABLE `alternatives`
  ADD PRIMARY KEY (`Alternative_ID`);

--
-- Indexes for table `alternative_weight`
--
ALTER TABLE `alternative_weight`
  ADD PRIMARY KEY (`Weight_ID`);

--
-- Indexes for table `criterias`
--
ALTER TABLE `criterias`
  ADD PRIMARY KEY (`criteria_ID`);

--
-- Indexes for table `decisions`
--
ALTER TABLE `decisions`
  ADD PRIMARY KEY (`decision_ID`);

--
-- Indexes for table `linguistic_terms`
--
ALTER TABLE `linguistic_terms`
  ADD PRIMARY KEY (`Term_ID`);

--
-- AUTO_INCREMENT for dumped tables
--

--
-- AUTO_INCREMENT for table `alternatives`
--
ALTER TABLE `alternatives`
  MODIFY `Alternative_ID` int(11) NOT NULL AUTO_INCREMENT, AUTO_INCREMENT=349;

--
-- AUTO_INCREMENT for table `alternative_weight`
--
ALTER TABLE `alternative_weight`
  MODIFY `Weight_ID` int(11) NOT NULL AUTO_INCREMENT, AUTO_INCREMENT=1200;

--
-- AUTO_INCREMENT for table `criterias`
--
ALTER TABLE `criterias`
  MODIFY `criteria_ID` int(11) NOT NULL AUTO_INCREMENT, AUTO_INCREMENT=38;

--
-- AUTO_INCREMENT for table `decisions`
--
ALTER TABLE `decisions`
  MODIFY `decision_ID` int(11) NOT NULL AUTO_INCREMENT, AUTO_INCREMENT=18;

--
-- AUTO_INCREMENT for table `linguistic_terms`
--
ALTER TABLE `linguistic_terms`
  MODIFY `Term_ID` int(11) NOT NULL AUTO_INCREMENT, AUTO_INCREMENT=11;
COMMIT;

/*!40101 SET CHARACTER_SET_CLIENT=@OLD_CHARACTER_SET_CLIENT */;
/*!40101 SET CHARACTER_SET_RESULTS=@OLD_CHARACTER_SET_RESULTS */;
/*!40101 SET COLLATION_CONNECTION=@OLD_COLLATION_CONNECTION */;
